index,kind,name,codepoint,ink,light,sig
0,text,CONTROL-TEXT,0,272,318,2dadbfbff3f30000
1,blank,CONTROL-BLANK,0,0,0,0000000000000000
2,symbol,GlobalNavButton,U+E700,180,180,ff00ff00ffff0000
3,symbol,Wifi,U+E701,173,216,fefc7cf8f0c00000
4,symbol,Bluetooth,U+E702,175,222,78f87078f8703000
5,symbol,Connect,U+E703,188,240,ff09090ffefe0000
6,symbol,InternetSharing,U+E704,198,248,1092dfd757cf8200
7,symbol,VPN,U+E705,201,271,3828fefffffe0000
8,symbol,Brightness,U+E706,211,276,d6fc7cef7cfe9610
9,symbol,MapPin,U+E707,219,254,8296d6fc10383838
10,symbol,QuietHours,U+E708,142,183,cf9c3030a0a0e020
11,symbol,Airplane,U+E709,246,332,387fffffff383c1c
12,symbol,Tablet,U+E70A,200,227,ff33030303ffff00
13,symbol,QuickNote,U+E70B,187,209,0e0e0e020202fe00
14,symbol,RememberedDevice,U+E70C,312,347,ffffff8782fe0000
15,symbol,ChevronDown,U+E70D,89,116,003078cc86030000
16,symbol,ChevronUp,U+E70E,89,117,000386cc78300000
17,symbol,Edit,U+E70F,176,229,1f366cd8b0e0c080
18,symbol,Add,U+E710,171,171,3030ffff30303030
19,symbol,Cancel,U+E711,145,233,c6ec78387cce8600
20,symbol,More,U+E712,42,50,0000b2b600000000
21,symbol,Setting,U+E713,272,346,feb7ffefbffefc78
22,symbol,Setting,U+E713,272,346,feb7ffefbffefc78
23,symbol,Video,U+E714,178,258,7fffc3c3ff7f0000
24,symbol,Mail,U+E715,285,325,ff03137fcfff0000
25,symbol,People,U+E716,210,268,3e1e16beecb0f0e0
26,symbol,Phone,U+E717,188,235,38fc9e0f0f1b0f06
27,symbol,Pin,U+E718,146,200,1038f81ff8380000
28,symbol,Shop,U+E719,275,330,e2e2e2e2fefe7c7c
29,symbol,Stop,U+E71A,159,159,020202020202fe00
30,symbol,Link,U+E71B,216,270,f0183efbf33e0000
31,symbol,Filter,U+E71C,204,249,3838386cc683ff00
32,symbol,AllApps,U+E71D,316,376,ff07ff07ff07ff07
33,symbol,Zoom,U+E71E,188,251,c0fc7e6363633e1c
34,symbol,ZoomOut,U+E71F,212,287,c0fc7e637f633e1c
35,symbol,Microphone,U+E720,245,320,fefeeeee6c6c7c78
36,symbol,Search,U+E721,146,196,06fcf8180818f8f0
37,symbol,Search,U+E721,146,196,06fcf8180818f8f0
38,symbol,Camera,U+E722,300,364,ff7b4fcf7fffff00
39,symbol,Attach,U+E723,243,326,f8f8f8f8f8f83838
40,symbol,Send,U+E724,266,316,0f3ef2fef23f0701
41,symbol,SendFill,U+E725,416,463,0f3efefefe3f0701
42,symbol,WalkSolid,U+E726,308,348,7c783cfcfc383000
43,symbol,InPrivate,U+E727,377,452,ffdb6fb7ffffff00
44,symbol,FavoriteList,U+E728,209,276,fc1cecfeff303010
45,symbol,PageSolid,U+E729,766,775,fefefefefefe7e3e
46,symbol,Forward,U+E72A,152,178,60c0ffffc0603000
47,symbol,Back,U+E72B,162,188,180cfeff060c1800
48,symbol,Refresh,U+E72C,137,179,86030303038ace4e
49,symbol,Share,U+E72D,251,328,ffe7ffff9ff9e060
50,symbol,Lock,U+E72E,222,245,868686fecccc7c38
51,symbol,ReportHacked,U+E730,214,269,fc9693131393ff38
52,symbol,EMI,U+E731,294,360,fcfcf4fcfcfcfc00
53,symbol,Blocked,U+E733,147,147,4c4c4c4c7c000000
54,symbol,Favorite,U+E734,217,283,fc7cccfeff303010
55,symbol,Favorite,U+E734,217,283,fc7cccfeff303010
56,symbol,FavoriteStarFill,U+E735,375,404,fc7cfcfeff303010
57,symbol,ReadingMode,U+E736,392,426,ff9797979797ff00
58,symbol,Favicon,U+E737,253,300,ff030303ffffff00
59,symbol,Remove,U+E738,90,90,0000ffff00000000
60,symbol,Checkbox,U+E739,117,171,030303030303ffff
61,symbol,CheckboxComposite,U+E73A,182,261,0b1f3763c303ffff
62,symbol,CheckboxFill,U+E73B,900,900,ffffffffffffffff
63,symbol,CheckboxIndeterminate,U+E73C,289,357,78fcfcfcfc7c0000
64,symbol,CheckMark,U+E73E,77,104,081c3662c0800000
65,symbol,BackToWindow,U+E73F,122,192,1e1c1ee0e0e0a000
66,symbol,FullScreen,U+E740,121,173,060e1a3060c0e000
67,symbol,ResizeTouchLarger,U+E741,113,159,f0e0f0b81c0e0400
68,symbol,ResizeTouchSmaller,U+E742,138,184,c0e0703e1e1e1e00
69,symbol,SwitchUser,U+E748,221,276,e3e3e63c26263e1c
70,symbol,Print,U+E749,253,363,cfff7fffffccfcfc
71,symbol,Up,U+E74A,162,188,303030b2f67c3810
72,symbol,Down,U+E74B,152,178,78fcb63230303030
73,symbol,OEM,U+E74C,325,356,9292fefeb2befe40
74,symbol,Delete,U+E74D,375,423,bebebebebefefe38
75,symbol,Save,U+E74E,347,383,7e7e7afe8686fe00
76,symbol,Mute,U+E74F,200,259,0cafebebaf0c0800
77,symbol,Cloud,U+E753,184,216,fe030383ce780000
78,symbol,Flashlight,U+E754,198,263,80c0fff3ffc00000
79,symbol,RotationLock,U+E755,218,275,fefff3660c98f060
80,symbol,CommandPrompt,U+E756,341,384,ff9ff77f4bffff00
81,symbol,CommandPrompt,U+E756,341,384,ff9ff77f4bffff00
82,symbol,EraseTool,U+E75C,182,227,76fb8e0c98f06000
83,symbol,GripperTool,U+E75E,552,588,fcfcfcfcfcfcfc78
84,symbol,Dialpad,U+E75F,197,235,30fcfcfcfcf4fc00
85,symbol,PageLeft,U+E760,189,242,ccb61a1ab2c6fc00
86,symbol,PageRight,U+E761,191,240,cc963262b2c6fc00
87,symbol,MultiSelect,U+E762,208,255,f802fffcf2ff0400
88,symbol,Keyboard,U+E765,293,394,feffffffffff0000
89,symbol,Keyboard,U+E765,293,394,feffffffffff0000
90,symbol,KeyboardSplit,U+E766,249,341,feffefefefff0000
91,symbol,Volume,U+E767,227,295,ccefebabefcc8800
92,symbol,Play,U+E768,157,207,1c7ceccc7c3c0c00
93,symbol,Pause,U+E769,104,156,6868686868686800
94,symbol,ChevronLeft,U+E76B,89,117,30180c0c18306040
95,symbol,ChevronRight,U+E76C,89,117,183060c06030180c
96,symbol,InkingTool,U+E76D,222,262,38787ccc86fe0202
97,symbol,Emoji2,U+E76E,215,275,feef034bcf82fe78
98,symbol,GripperBarHorizontal,U+E76F,120,120,0000ffffff000000
99,symbol,Laptop,U+E770,267,293,fffefe8686fe0000
100,symbol,Laptop,U+E770,267,293,fffefe8686fe0000
101,symbol,Personalize,U+E771,275,338,ff3f7bf3ffc08000
102,symbol,Devices,U+E772,369,490,f0f0ffffffffffff
103,symbol,Globe,U+E774,354,458,ceffffcfffcefe78
104,symbol,TimeLanguage,U+E775,295,384,fefefef37f2f3e1c
105,symbol,EaseOfAccess,U+E776,169,212,66c393fb131e1c00
106,symbol,UpdateRestore,U+E777,137,179,860300000783ff78
107,symbol,HangUp,U+E778,239,293,7810d7dffffe7c00
108,symbol,ContactInfo,U+E779,205,258,f1f31efe1aee0000
109,symbol,Unpin,U+E77A,204,279,f6fcecdebce06000
110,symbol,Account,U+E77B,206,256,86ec7ccc84c4fc78
111,symbol,Account,U+E77B,206,256,86ec7ccc84c4fc78
112,symbol,Memo,U+E77C,175,227,00feff3bffce0000
113,symbol,IncomingCall,U+E77E,234,296,f8fc1eeefaae0400
114,symbol,Paste,U+E77F,298,331,121212f2fefefe18
115,symbol,PhoneBook,U+E780,335,405,fef2fa7e1e1efefe
116,symbol,LEDLight,U+E781,178,239,fc6c6cef7cfe9610
117,symbol,Error,U+E783,198,243,ce9313139392fe78
118,symbol,GripperBarVertical,U+E784,120,180,3838383838383838
119,symbol,Unlock,U+E785,210,229,868686fec0cc7c38
120,symbol,Slideshow,U+E786,397,481,ffffbfbfffffff00
121,symbol,Slideshow,U+E786,397,481,ffffbfbfffffff00
122,symbol,Calendar,U+E787,293,392,3fbfbfbfffffff84
123,symbol,GripperResize,U+E788,15,22,c080000000000000
124,symbol,Megaphone,U+E789,188,229,bcfe0f07ffe00000
125,symbol,Trim,U+E78A,187,266,ccccffffffcccc00
126,symbol,NewWindow,U+E78B,294,309,fe92baba82fe0000
127,symbol,SaveLocal,U+E78C,334,394,7030fcfcfcfcfcfc
128,symbol,SaveLocal,U+E78C,334,394,7030fcfcfcfcfcfc
129,symbol,Palette,U+E790,249,308,f870df8fdfdafe78
130,symbol,Palette,U+E790,249,308,f870df8fdfdafe78
131,symbol,DataSense,U+E791,193,257,f0febefcf0e00000
132,symbol,DataSense,U+E791,193,257,f0febefcf0e00000
133,symbol,SaveAs,U+E792,403,479,feeefefefee6fe00
134,symbol,Theme,U+E793,241,314,d6fc7cff7cfe9610
135,symbol,Theme,U+E793,241,314,d6fc7cff7cfe9610
136,symbol,Effects,U+E794,147,147,4c4c4c4c7c000000
137,symbol,AspectRatio,U+E799,228,309,ffcfcfcfcfffff00
138,symbol,ScreenCapture,U+E7A0,147,147,4c4c4c4c7c000000
139,symbol,ScreenShot,U+E7A1,147,147,4c4c4c4c7c000000
140,symbol,ScreenShot,U+E7A1,147,147,4c4c4c4c7c000000
141,symbol,DataSenseBar,U+E7A5,22,24,0000000080808000
142,symbol,Redo,U+E7A6,163,204,30180c06e6e6fcb8
143,symbol,Undo,U+E7A7,170,209,3060c0809e9efe7e
144,symbol,Crop,U+E7A8,334,369,fc8c9cb4e4ff8404
145,symbol,PhotoCollection,U+E7AA,147,147,4c4c4c4c7c000000
146,symbol,OpenWith,U+E7AC,312,329,ff87c7ff03ffff00
147,symbol,Rotate,U+E7AD,156,201,e000383b3382fe78
148,symbol,RedEye,U+E7B3,218,281,30fcfffffe780000
149,symbol,RedEye,U+E7B3,218,281,30fcfffffe780000
150,symbol,SetlockScreen,U+E7B5,252,286,103810fe8282fefe
151,symbol,MapPin2,U+E7B7,137,163,101010387c6c7c38
152,symbol,Package,U+E7B8,262,312,1e1e1e02ff03ff00
153,symbol,Package,U+E7B8,262,312,1e1e1e02ff03ff00
154,symbol,Warning,U+E7BA,174,230,92d6d47c78383010
155,symbol,ReadingList,U+E7BC,279,349,fffffefefffff700
156,symbol,Education,U+E7BE,277,319,7fdefecfce780000
157,symbol,ShoppingCart,U+E7BF,247,282,fc0cfc8406fe0300
158,symbol,Train,U+E7C0,347,418,fecefe86fefefefe
159,symbol,Flag,U+E7C1,256,276,0606f63e36f6fe3e
160,symbol,Move,U+E7C2,199,252,3838d6efd6383810
161,symbol,Page,U+E7C3,219,249,82828282e2e27e3e
162,symbol,TaskView,U+E7C4,312,388,7f7f7f63ff7f7f63
163,symbol,BrowsePhotos,U+E7C5,420,522,c0feffffffffffff
164,symbol,HalfStarLeft,U+E7C6,206,222,1c1c1c1e1f101010
165,symbol,HalfStarRight,U+E7C7,195,209,e070f0f0f0303010
166,symbol,Record,U+E7C8,385,401,78fcfcfcfc780000
167,symbol,TouchPointer,U+E7C9,278,351,b01fdffff7333100
168,symbol,Ferry,U+E7E3,285,336,93d7fefefe7c3800
169,symbol,Highlight,U+E7E6,245,294,7868fc8486ff0303
170,symbol,ActionCenterNotification,U+E7E7,772,829,ffffffffffffffff
171,symbol,PowerButton,U+E7E8,159,184,86820232b6fc7830
172,symbol,Build,U+E7EA,132,146,000cfeff060c0000
173,symbol,DrivingMode,U+E7EC,277,331,7fff87ff83fe0000
174,symbol,StepOver,U+E7ED,222,273,fefef4e4647c3800
175,symbol,StepOver,U+E7ED,222,273,fefef4e4647c3800
176,symbol,StepInto,U+E7EE,239,284,e0e0ffc383ffff00
177,symbol,StepInto,U+E7EE,239,284,e0e0ffc383ffff00
178,symbol,Admin,U+E7EF,223,261,30101ff3c3ffff00
179,symbol,Admin,U+E7EF,223,261,30101ff3c3ffff00
180,symbol,CC,U+E7F0,328,393,ffffff27ffff0000
181,symbol,SDCard,U+E7F1,234,277,86868484bebefe7e
182,symbol,CallForwarding,U+E7F2,222,287,f8fc5eceface4400
183,symbol,SettingsDisplaySound,U+E7F3,273,332,f8ffffe343ffff00
184,symbol,TVMonitor,U+E7F4,220,261,38ffff0303ffff00
185,symbol,Speakers,U+E7F5,349,387,bcbcb4fcfcfcfc00
186,symbol,Headphone,U+E7F6,232,272,cececec686cc7c00
187,symbol,Game,U+E7FC,238,293,86ffb7cf47fe0000
188,symbol,Car,U+E804,277,331,7fff87ff83fe0000
189,symbol,Walk,U+E805,281,348,fc7c7cecfc7c7030
190,symbol,Bus,U+E806,410,459,fec6fe93fffefe00
191,symbol,Grid,U+E80A,333,459,6bffff6bff6bffff
192,symbol,Home,U+E80F,194,250,bebebf86cc783000
193,symbol,ParkingLocation,U+E811,278,369,feffeffffef80000
194,symbol,MapCompassTop,U+E812,60,67,0000003830300000
195,symbol,MapCompassBottom,U+E813,60,67,3030383000000000
196,symbol,IncidentTriangle,U+E814,368,408,fefe7c7c38381000
197,symbol,Touch,U+E815,289,350,8c8efefc3c3c3c18
198,symbol,MapDirections,U+E816,229,345,7ccebffbf6ec7830
199,symbol,StartPoint,U+E819,171,230,38784cccb4f4fc78
200,symbol,StopPoint,U+E81A,180,256,38784cfcbcfcfc78
201,symbol,EndPoint,U+E81B,256,276,0606f63e36f6fe3e
202,symbol,History,U+E81C,186,239,866330101793ff78
203,symbol,Location,U+E81D,287,331,ceb67a7abac6fc00
204,symbol,MapLayers,U+E81E,303,411,fefffeffc7ee7800
205,symbol,Accident,U+E81F,298,378,3c7ff6efdbf67c58
206,symbol,Work,U+E821,367,390,ff037bff03ff7800
207,symbol,Construction,U+E822,336,392,fefc7e7e3e3f3900
208,symbol,Recent,U+E823,190,230,860373731392fe78
209,symbol,Recent,U+E823,190,230,860373731392fe78
210,symbol,Bank,U+E825,441,514,fffefefeffee3800
211,symbol,Map,U+E826,278,364,ffffafafefff0c00
212,symbol,InkingToolFill2,U+E829,263,302,003878fcfcfe0000
213,symbol,HighlightFill2,U+E82A,270,316,0000fcfcfcfe0000
214,symbol,EraseToolFill,U+E82B,144,156,3e1f0e0400000000
215,symbol,EraseToolFill2,U+E82C,312,346,2070f8fcf8f06000
216,symbol,Dictionary,U+E82D,360,423,ff838383bfbffffe
217,symbol,DictionaryAdd,U+E82E,347,420,ff838383bfbffffe
218,symbol,ToolTip,U+E82F,191,237,38686cc686c67c38
219,symbol,ChromeBack,U+E830,239,266,180c06ff060c1810
220,symbol,ProvisioningPackage,U+E835,289,340,fe3e7e6cf8fcfe00
221,symbol,AddRemoteDevice,U+E836,316,348,ffffff8782fe0000
222,symbol,FolderOpen,U+E838,302,347,fe9e9e9e9e9efefe
223,symbol,FolderOpen,U+E838,302,347,fe9e9e9e9e9efefe
224,symbol,Ethernet,U+E839,301,344,fefefe0f0fffff00
225,symbol,DirectAccess,U+E83B,221,284,fcfcfcccccfcfc00
226,symbol,DefenderApp,U+E83D,645,722,fcfeffffffffff38
227,symbol,BatteryCharging9,U+E83E,268,337,fefefefefe000000
228,symbol,Battery10,U+E83F,290,341,fefefefefe000000
229,symbol,Pinned,U+E840,182,247,363c6cdebce06000
230,symbol,PinFill,U+E841,185,191,0030f0f0f0100000
231,symbol,Battery0,U+E850,85,134,fefe82fefe000000
232,symbol,Battery1,U+E851,111,161,fefe86fefe000000
233,symbol,Battery2,U+E852,129,179,fefe8efefe000000
234,symbol,Battery3,U+E853,147,206,fefe8efefe000000
235,symbol,Battery4,U+E854,165,224,fefe9efefe000000
236,symbol,Battery5,U+E855,191,242,fefe9efefe000000
237,symbol,Battery6,U+E856,210,260,fefebefefe000000
238,symbol,Battery7,U+E857,228,278,fefebefefe000000
239,symbol,Battery8,U+E858,246,296,fefefefefe000000
240,symbol,Battery9,U+E859,264,323,fefefefefe000000
241,symbol,BatteryCharging0,U+E85A,99,155,fefe82fefe000000
242,symbol,BatteryCharging1,U+E85B,114,174,fefe86fefe000000
243,symbol,BatteryCharging2,U+E85C,133,193,fefe8efefe000000
244,symbol,BatteryCharging3,U+E85D,151,220,fefe8efefe000000
245,symbol,BatteryCharging4,U+E85E,169,238,fefe9efefe000000
246,symbol,BatteryCharging5,U+E85F,195,256,fefe9efefe000000
247,symbol,BatteryCharging6,U+E860,214,274,fefebefefe000000
248,symbol,BatteryCharging7,U+E861,232,292,fefebefefe000000
249,symbol,BatteryCharging8,U+E862,250,310,fefefefefe000000
250,symbol,BatterySaver0,U+E863,92,152,fefe82fefe000000
251,symbol,BatterySaver1,U+E864,107,171,fefe86fefe000000
252,symbol,BatterySaver2,U+E865,126,190,fefe8efefe000000
253,symbol,BatterySaver3,U+E866,144,217,fefe8efefe000000
254,symbol,BatterySaver4,U+E867,162,235,fefe9efefe000000
255,symbol,BatterySaver5,U+E868,188,253,fefe9efefe000000
256,symbol,BatterySaver6,U+E869,207,271,fefebefefe000000
257,symbol,BatterySaver7,U+E86A,225,289,fefebefefe000000
258,symbol,BatterySaver8,U+E86B,243,307,fefefefefe000000
259,symbol,SignalBars1,U+E86C,0,0,0000000000000000
260,symbol,SignalBars2,U+E86D,16,24,0c00000000000000
261,symbol,SignalBars3,U+E86E,56,69,3c30300000000000
262,symbol,SignalBars4,U+E86F,108,147,fcf0f04000000000
263,symbol,SignalBars5,U+E870,142,181,fcf0f0c080000000
264,symbol,SignalNotConnected,U+E871,92,118,f0f0f0e000000000
265,symbol,Wifi1,U+E872,7,9,c000000000000000
266,symbol,Wifi2,U+E873,36,48,e0c0000000000000
267,symbol,Wifi3,U+E874,93,116,f8f070c000000000
268,symbol,Vibrate,U+E877,261,295,b48787878785fcfc
269,symbol,RoamingInternational,U+E878,265,287,fcfc787830300000
270,symbol,RoamingDomestic,U+E879,87,142,fccc687830300000
271,symbol,WifiHotspot,U+E88A,198,248,1092dfd757cf8200
272,symbol,USB,U+E88E,206,267,c4c4c4c4fc7c7c7c
273,symbol,InkingToolFill,U+E88F,261,263,3030000000fefefe
274,symbol,View,U+E890,175,211,10786b7bb2fe7800
275,symbol,HighlightFill,U+E891,327,338,7878780000ffffff
276,symbol,Previous,U+E892,205,229,c6e6b6bee6c68600
277,symbol,Next,U+E893,204,229,869eb6b69e8e8200
278,symbol,Clear,U+E894,155,255,c6ec78387cce8703
279,symbol,Sync,U+E895,141,184,870707008382fe78
280,symbol,Download,U+E896,135,159,10387c5410101010
281,symbol,Help,U+E897,114,147,10103060c0c47c38
282,symbol,Upload,U+E898,160,206,101010dc7c387cfc
283,symbol,Emoji,U+E899,279,354,feefc7ffcfcefe78
284,symbol,TwoPage,U+E89A,283,352,ff3b3bbfbffe0000
285,symbol,LeaveChat,U+E89B,223,269,ffff83030303ff00
286,symbol,MailForward,U+E89C,279,328,ff83037befff0000
287,symbol,RotateCamera,U+E89E,324,379,9e0bffbfbcfcfc00
288,symbol,ClosePane,U+E89F,259,331,fffff3fbf3ff0000
289,symbol,ClosePane,U+E89F,259,331,fffff3fbf3ff0000
290,symbol,OpenPane,U+E8A0,260,332,ffffdbfbd3ff0000
291,symbol,PreviewLink,U+E8A1,429,536,ffffffffffffff00
292,symbol,PreviewLink,U+E8A1,429,536,ffffffffffffff00
293,symbol,AttachCamera,U+E8A2,356,439,fefefe9fffffff00
294,symbol,ZoomIn,U+E8A3,233,314,c0fc7e6b7f6b3e1c
295,symbol,Bookmarks,U+E8A4,194,225,ff00c0f0f0ff0000
296,symbol,NewFile,U+E8A5,183,210,868686868686fefc
297,symbol,NewFile,U+E8A5,183,210,868686868686fefc
298,symbol,ProtectedDocument,U+E8A6,233,274,36f6e6e68686fefc
299,symbol,OpenInNewWindow,U+E8A7,221,270,ff8383c3ffbf8000
300,symbol,MailFill,U+E8A8,551,609,ffffffffffff0000
301,symbol,ViewAll,U+E8A9,384,384,fe9292fe9292fe00
302,symbol,VideoChat,U+E8AA,327,412,ffffffffffffff00
303,symbol,Switch,U+E8AB,153,216,feff0680ffff8000
304,symbol,Rename,U+E8AC,270,354,e0ffffdfffe0e000
305,symbol,SourceControl,U+E8AD,101,164,060c183060c0e0f0
306,symbol,SourceControl,U+E8AD,101,164,060c183060c0e0f0
307,symbol,SurfaceHub,U+E8AE,300,366,fcfcfefe8282fefe
308,symbol,Remote,U+E8AF,122,164,0c98d86c3660c080
309,symbol,Click,U+E8B0,173,260,7cfcec6c3c1c0c04
310,symbol,Shuffle,U+E8B1,167,219,81efbcb8efc38000
311,symbol,Movies,U+E8B2,266,302,ff87878787ffff00
312,symbol,SelectAll,U+E8B3,319,406,7fffd7ffd7ffffff
313,symbol,SelectAll,U+E8B3,319,406,7fffd7ffd7ffffff
314,symbol,Orientation,U+E8B4,248,327,ff63637f7fdbdfdf
315,symbol,Import,U+E8B5,122,133,000406ff06040000
316,symbol,ImportAll,U+E8B6,192,234,00e4e6ffe6e40000
317,symbol,Folder,U+E8B7,201,223,868686868686fefe
318,symbol,Webcam,U+E8B8,168,225,434c7878687b8787
319,symbol,Picture,U+E8B9,409,505,ffffffc7ffffff00
320,symbol,Caption,U+E8BA,361,434,ffff8787ffffff00
321,symbol,ChromeClose,U+E8BB,253,259,c6ec78387cce8703
322,symbol,ShowResults,U+E8BC,223,281,fcfffd00fcfdff00
323,symbol,Message,U+E8BD,205,248,ffff03030303ff00
324,symbol,Leaf,U+E8BE,191,230,10387cd4d47c3810
325,symbol,CalendarDay,U+E8BF,433,513,ff87ffffffffff84
326,symbol,CalendarWeek,U+E8C0,373,462,bfbfbfbfffffff84
327,symbol,Characters,U+E8C1,238,299,1e1e6cfcf0f8f800
328,symbol,MailReplyAll,U+E8C2,292,351,ffe3037befff0000
329,symbol,Read,U+E8C3,209,237,0303ffff03ce7800
330,symbol,ShowBcc,U+E8C4,152,182,f800f8f0f2ff0000
331,symbol,HideBcc,U+E8C5,81,82,000007fa00000000
332,symbol,Cut,U+E8C6,157,205,fc78383030786848
333,symbol,PaymentCard,U+E8C7,280,331,ff03c303ffffff00
334,symbol,Copy,U+E8C8,263,310,0e0a0acacafa3e1e
335,symbol,Important,U+E8C9,118,120,3030303030303000
336,symbol,MailReply,U+E8CA,287,336,ffc3037befff0000
337,symbol,Sort,U+E8CB,184,253,fcccccccccdedecc
338,symbol,MobileTablet,U+E8CC,255,321,ffff3b0b0ffefe00
339,symbol,DisconnectDrive,U+E8CD,308,336,ff3810ff83ffff00
340,symbol,MapDrive,U+E8CE,339,370,ff7c38ff83ffff00
341,symbol,ContactPresence,U+E8CF,190,238,c2c26e3c64647c38
342,symbol,GotoToday,U+E8D1,302,371,3b3b3b3bffffffc4
343,symbol,Font,U+E8D2,195,242,98f0fa7e6c0c0c00
344,symbol,FontColor,U+E8D3,156,195,c44c7c6838383000
345,symbol,Contact2,U+E8D4,317,357,ce7a7ece4e7afe00
346,symbol,FolderFill,U+E8D5,724,725,fefefefefefefefc
347,symbol,Music,U+E8D6,218,263,f8fe3e3efc1c0c00
348,symbol,Music,U+E8D6,218,263,f8fe3e3efc1c0c00
349,symbol,Permissions,U+E8D7,232,290,e0fcfe63676f3e1c
350,symbol,DisableUpdates,U+E8D8,184,245,e6e3c0000783ff78
351,symbol,Unfavorite,U+E8D9,340,390,fcfcfcfeff303010
352,symbol,Unfavorite,U+E8D9,340,390,fcfcfcfeff303010
353,symbol,OpenLocal,U+E8DA,213,241,868f86868686fefe
354,symbol,Italic,U+E8DB,129,148,3c1810303020f000
355,symbol,Underline,U+E8DC,234,253,7ccccccccccccc00
356,symbol,Bold,U+E8DD,412,471,fcdcfc7cfcfcfc00
357,symbol,MoveToFolder,U+E8DE,229,271,868686c6e6c6fefe
358,symbol,LikeDislike,U+E8DF,224,291,18f8fcdc3f233e3e
359,symbol,Dislike,U+E8E0,186,230,3c6fcf0302fe3c00
360,symbol,Like,U+E8E1,200,253,ff830307df70e040
361,symbol,AlignRight,U+E8E2,264,268,ff00fcff00fcff00
362,symbol,AlignCenter,U+E8E3,284,284,ff00feff00feff00
363,symbol,AlignLeft,U+E8E4,284,288,ff00ffff00ffff00
364,symbol,OpenFile,U+E8E5,225,259,82c28282e2e27e3e
365,symbol,ClearSelection,U+E8E6,151,221,bee262e28282fe00
366,symbol,FontDecrease,U+E8E7,107,135,78383830100080c0
367,symbol,FontIncrease,U+E8E8,176,216,c44c7c6838f8b000
368,symbol,FontSize,U+E8E9,218,274,1f9efeb6e4e06000
369,symbol,CellPhone,U+E8EA,218,239,b48484848484fcfc
370,symbol,Tag,U+E8EC,167,253,3c6ec78306ccf8f0
371,symbol,RepeatOne,U+E8ED,227,275,fe3b333373fefc40
372,symbol,RepeatAll,U+E8EE,184,230,fe0b030343fefc40
373,symbol,RepeatAll,U+E8EE,184,230,fe0b030343fefc40
374,symbol,Calculator,U+E8EF,346,409,fefed6fefefefefe
375,symbol,Directions,U+E8F0,145,175,3838101038383010
376,symbol,Library,U+E8F1,395,444,9edededefefe7e00
377,symbol,ChatBubbles,U+E8F2,301,366,ffff838383fffefe
378,symbol,PostUpdate,U+E8F3,275,350,f8f8fefefff80000
379,symbol,NewFolder,U+E8F4,169,200,9f8404040404fcfc
380,symbol,CalendarReply,U+E8F5,317,417,dfffbfbfffffff84
381,symbol,UnsyncFolder,U+E8F6,258,319,9f9f9f868686fefe
382,symbol,SyncFolder,U+E8F7,233,288,9f9f9e868686fefe
383,symbol,BlockContact,U+E8F8,218,278,e3e3e63c26263e1c
384,symbol,SwitchApps,U+E8F9,268,358,ffffffffffff0000
385,symbol,AddFriend,U+E8FA,193,241,c2c26e3c64647c38
386,symbol,Accept,U+E8FB,97,116,0c1e3360c0800000
387,symbol,GoToStart,U+E8FC,274,348,38ffffffffffff00
388,symbol,BulletedList,U+E8FD,256,322,ff00fffdfdff0000
389,symbol,BulletedList,U+E8FD,256,322,ff00fffdfdff0000
390,symbol,Scan,U+E8FE,193,256,07fffefe701c0400
391,symbol,Preview,U+E8FF,151,196,86868686e6f67e3e
392,symbol,Group,U+E902,231,292,4c78786bfece8600
393,symbol,World,U+E909,389,470,bebfbfefefdefe78
394,symbol,World,U+E909,389,470,bebfbfefefdefe78
395,symbol,Comment,U+E90A,247,305,ffff037b7b03ff00
396,symbol,MusicInfo2,U+E90B,288,350,ffc0ffffffff0000
397,symbol,MusicInfo2,U+E90B,288,350,ffc0ffffffff0000
398,symbol,DockLeft,U+E90C,210,270,ffff0f0f0fff0000
399,symbol,DockRight,U+E90D,210,270,ffffc3c3c3ff0000
400,symbol,DockBottom,U+E90E,237,306,ffffff0303ff0000
401,symbol,Repair,U+E90F,191,249,1b36ecd8d0f0f0e0
402,symbol,Accounts,U+E910,251,332,96fb6f6f7bfafe78
403,symbol,DullSound,U+E911,67,83,0000000010787838
404,symbol,Street,U+E913,304,358,ffb6f6ffbfe74600
405,symbol,Printer3D,U+E914,274,332,ffff7f6f0f0cfc00
406,symbol,RadioBullet,U+E915,137,145,0030787838000000
407,symbol,Stopwatch,U+E916,211,256,8682721296fcf838
408,symbol,AlarmClock,U+E919,147,147,4c4c4c4c7c000000
409,symbol,Photo,U+E91B,361,434,ffff8787ffffff00
410,symbol,ActionCenter,U+E91C,178,238,ff0303030303ffff
411,symbol,FullCircleMask,U+E91F,799,815,fefffffffffefe78
412,symbol,ChromeMinimize,U+E921,120,120,000000ff00000000
413,symbol,ChromeMaximize,U+E922,224,224,030303030303ffff
414,symbol,ChromeRestore,U+E923,376,376,c3c3c3c3fffffcfc
415,symbol,Annotation,U+E924,246,325,fe0cffff66c4fcfc
416,symbol,Swipe,U+E927,308,361,8c8eeefcf8fefe98
417,symbol,Fingerprint,U+E928,307,399,7c7cfcfcfe7c7c00
418,symbol,Handwriting,U+E929,269,355,feff0f1f3bffe0c0
419,symbol,ChromeBackToWindow,U+E92C,273,275,161c1efe70f0b000
420,symbol,ChromeFullScreen,U+E92D,195,195,070f1b3060c0e0e0
421,symbol,KeyboardStandard,U+E92E,270,341,feffffffffff0000
422,symbol,KeyboardDismiss,U+E92F,185,236,feff030303ff0000
423,symbol,Completed,U+E930,185,242,861b3f67c382fe78
424,symbol,ChromeAnnotate,U+E931,345,362,fe0effff6206fefe
425,symbol,Label,U+E932,335,367,fe9ebefef6fefe00
426,symbol,IBeam,U+E933,120,123,1010101010107c00
427,symbol,FeedbackApp,U+E939,422,453,7e3e1c7cfcfcf0f0
428,symbol,MusicAlbum,U+E93C,324,360,7aeef6b6ce7afe00
429,symbol,Streaming,U+E93E,160,212,82cfbfbfff820000
430,symbol,Code,U+E943,174,209,c48486868484cc6c
431,symbol,ReturnToWindow,U+E944,220,277,ff8383c3ffff0000
432,symbol,LightningBolt,U+E945,210,283,1c387ef4ec6878f0
433,symbol,Info,U+E946,199,240,ce9313139392fe78
434,symbol,CalculatorMultiply,U+E947,157,232,c6ec78387cce8600
435,symbol,CalculatorAddition,U+E948,171,171,101010ff10101010
436,symbol,CalculatorSubtract,U+E949,90,90,000000ff00000000
437,symbol,CalculatorDivide,U+E94A,123,129,300000ff00103000
438,symbol,CalculatorSquareroot,U+E94B,112,135,0c1e1333206040c0
439,symbol,CalculatorPercentage,U+E94C,189,254,6cf8d8303e6b6f46
440,symbol,CalculatorNegate,U+E94D,163,191,fe1010fefe101000
441,symbol,CalculatorEqualTo,U+E94E,120,180,00ffff00ffff0000
442,symbol,CalculatorBackspace,U+E94F,216,284,fc9ef763f6fcf800
443,symbol,Component,U+E950,315,331,ff86878787fffebc
444,symbol,DMC,U+E951,215,296,38387c7c7c7c7c78
445,symbol,Dock,U+E952,288,351,f83fffe3e3ffff00
446,symbol,MultimediaDMS,U+E953,213,303,fcfcfc7c7c6c7c7c
447,symbol,MultimediaDVR,U+E954,329,397,38ffffff7fffff00
448,symbol,MultimediaPMP,U+E955,300,339,fae2fafae2fefee0
449,symbol,PrintfaxPrinterFile,U+E956,432,515,fefefefefafa7e3e
450,symbol,Sensor,U+E957,282,326,b48484fc78fcfe78
451,symbol,StorageOptical,U+E958,180,230,86033b3b3382fe78
452,symbol,Communications,U+E95A,280,351,c7ffbffffffefc00
453,symbol,Headset,U+E95B,227,274,3ccececec686fc78
454,symbol,Projector,U+E95D,238,324,82ffffefffff0000
455,symbol,Health,U+E95E,249,312,78ccb6ff4f33fe00
456,symbol,Wire,U+E95F,229,255,f494d4d4dcc88000
457,symbol,Webcam2,U+E960,297,365,fcb6face7abefc78
458,symbol,Input,U+E961,321,433,feffffffffffc0c0
459,symbol,Mouse,U+E962,224,258,c68686869696fe7c
460,symbol,Smartcard,U+E963,349,409,fff3f3f3f3ffff00
461,symbol,MediaStorageTower,U+E965,188,258,7c7c7c7c7c6c7c7c
462,symbol,GameConsole,U+E967,210,305,00ffffffffff0000
463,symbol,Network,U+E968,242,317,7c7c7c7c7c7c7c7c
464,symbol,StorageNetworkWireless,U+E969,269,331,3cfcfcbcf4e4bc3c
465,symbol,StorageTape,U+E96A,331,386,ffffffff03ff0000
466,symbol,ChevronUpSmall,U+E96D,221,255,82c7eefc78300000
467,symbol,ChevronDownSmall,U+E96E,221,255,10387cfecf870000
468,symbol,ChevronLeftSmall,U+E96F,221,255,f0783c1c3870e040
469,symbol,ChevronRightSmall,U+E970,221,255,1c3870f0783c1c0c
470,symbol,ChevronUpMed,U+E971,114,145,000386cc78300000
471,symbol,ChevronDownMed,U+E972,114,145,3078ecc683000000
472,symbol,ChevronLeftMed,U+E973,114,145,30180c0c18306040
473,symbol,ChevronRightMed,U+E974,114,145,3870e0c060301808
474,symbol,Devices2,U+E975,290,340,feff1efef6fefe00
475,symbol,ExpandTile,U+E976,174,226,005f7ffb7f5f0000
476,symbol,PC1,U+E977,312,404,ffff0f0bfb1f1f00
477,symbol,Reply,U+E97A,143,173,c08098cc7e0c1800
478,symbol,Type,U+E97C,363,425,ffc7c7ffff18f800
479,symbol,ConstructionCone,U+E98F,177,240,fcfc7c7878783800
480,symbol,XboxOneConsole,U+E990,223,286,00feffffffff0000
481,symbol,Volume0,U+E992,138,177,0c0f0b0b0f0c0800
482,symbol,Volume1,U+E993,164,212,0c2f2b2b2f0c0800
483,symbol,Volume2,U+E994,217,279,4cefababef4c0800
484,symbol,Volume3,U+E995,227,293,ccefababefcc8800
485,symbol,BatteryUnknown,U+E996,103,179,fefeb2fefe000000
486,symbol,WifiAttentionOverlay,U+E998,100,108,1e1e0c0c00000000
487,symbol,Robot,U+E99A,256,333,fefefceefe7c3010
488,symbol,TapAndSend,U+E9A1,221,290,3030feef3b131f1f
489,symbol,FitPage,U+E9A6,284,341,ffcf8787c7ffff00
490,symbol,PasswordKeyShow,U+E9A8,120,188,78fcccccfc7c0000
491,symbol,PasswordKeyHide,U+E9A9,193,291,fefccfcffcfeb732
492,symbol,BidiLtr,U+E9AA,290,342,c2c6cefededaf000
493,symbol,BidiRtl,U+E9AB,264,315,98d858de9b1b3e00
494,symbol,ForwardSm,U+E9AC,103,116,2060fcfc60000000
495,symbol,Frigid,U+E9CA,187,251,7c7c383828283838
496,symbol,Unknown,U+E9CE,212,275,de931333abbafe78
497,symbol,AreaChart,U+E9D2,309,348,febefef6fe420200
498,symbol,CheckList,U+E9D5,268,345,ff06fffffeff0400
499,symbol,Diagnostic,U+E9D9,275,303,021ede723232fe00
500,symbol,Equalizer,U+E9E9,353,386,ffc00eff3effff30
501,symbol,Process,U+E9F3,98,137,86000303018a8e0e
502,symbol,Processing,U+E9F5,218,273,f030beff9b1f0e00
503,symbol,ReportDocument,U+E9F9,345,427,fefeeee6e6e67e3e
504,symbol,VideoSolid,U+EA0C,394,420,007fffffff7f0000
505,symbol,Shield,U+EA18,164,212,ec8683030383ff38
506,symbol,Info2,U+EA1F,128,135,3030303030303030
507,symbol,ActionCenterAsterisk,U+EA21,70,76,0000000002070f06
508,symbol,Beta,U+EA24,323,387,7c7cec7c3c3c3c18
509,symbol,SaveCopy,U+EA35,424,471,dcfefefe8efefe00
510,symbol,List,U+EA37,219,243,3f3f00ff00ff0000
511,symbol,Asterisk,U+EA38,226,258,32fe7c78feb23030
512,symbol,ErrorBadge,U+EA39,209,295,866b7b3b7b82fe78
513,symbol,CircleRing,U+EA3A,132,170,860303030382fe78
514,symbol,CircleFill,U+EA3B,763,787,fefffffffffefc78
515,symbol,Record2,U+EA3F,132,170,860303030382fe78
516,symbol,Breakpoint,U+EA42,284,348,ff00ffffffff0000
517,symbol,SyncError,U+EA6A,212,279,f7d7f7e08382fe78
518,symbol,Devices3,U+EA6C,265,294,7efefe0e06fe0000
519,symbol,SlowMotionOn,U+EA79,198,237,0000feffe7fc0000
520,symbol,Lightbulb,U+EA80,191,237,38686cc686c67c38
521,symbol,StatusCircle,U+EA81,196,202,f0f0f0e000000000
522,symbol,StatusTriangle,U+EA82,106,111,e0e0c04000000000
523,symbol,StatusError,U+EA83,52,76,e0e0e00000000000
524,symbol,StatusWarning,U+EA84,14,23,c0c0400000000000
525,symbol,VolumeDisabled,U+EA85,147,147,4c4c4c4c7c000000
526,symbol,Puzzle,U+EA86,242,289,fc8ccece8cfc7020
527,symbol,Puzzle,U+EA86,242,289,fc8ccece8cfc7020
528,symbol,CalendarSolid,U+EA89,746,804,ffffffffffffff84
529,symbol,HomeMirrored,U+EA8A,466,512,eeeefffefc783000
530,symbol,HomeMirrored,U+EA8A,466,512,eeeefffefc783000
531,symbol,ContactSolid,U+EA8C,582,608,fefc7cfcfcfcfc78
532,symbol,Ringer,U+EA8F,232,253,fe84848484cc7800
533,symbol,PDF,U+EA90,428,521,ff7fffffffe2fe7e
534,symbol,ThoughtBubble,U+EA91,188,234,0e7efc0e020efc70
535,symbol,HeartBroken,U+EA92,216,276,78ccb6331b33fe00
536,symbol,BatteryCharging10,U+EA93,294,355,fefefefefe000000
537,symbol,Broom,U+EA99,187,247,3c767b6e78c08000
538,symbol,Market,U+EAFC,116,136,03267cd880c00000
539,symbol,PieSingle,U+EB05,255,311,8683f3f3f336fc60
540,symbol,StockDown,U+EB0F,262,265,103038787cfc0000
541,symbol,StockUp,U+EB11,262,265,fcfc787830300000
542,symbol,Design,U+EB3C,320,407,dfeff7fbefe7e301
543,symbol,Website,U+EB41,196,259,8603ffff0382fe78
544,symbol,Drop,U+EB42,412,438,fcfcfc7c78383010
545,symbol,Radar,U+EB44,331,437,fe7f3f3f7ffefe78
546,symbol,BusSolid,U+EB47,578,605,fefefe93fffefe00
547,symbol,FerrySolid,U+EB48,491,530,fffffefefe7c3800
548,symbol,AirplaneSolid,U+EB4C,357,374,3830ffffff383818
549,symbol,TrainSolid,U+EB4D,568,601,fefefe86fefefefe
550,symbol,WorkSolid,U+EB4E,643,663,ffffffffffff7800
551,symbol,ReminderFill,U+EB4F,450,475,38387cfcfefc7c38
552,symbol,Reminder,U+EB50,227,293,38686cfefec6fc38
553,symbol,Heart,U+EB51,181,224,78cc86030333fe00
554,symbol,HeartFill,U+EB52,643,655,78fcfefffffffe00
555,symbol,EthernetError,U+EB55,316,366,fedebeef0fffff00
556,symbol,EthernetWarning,U+EB56,307,359,fefede4f0fffff00
557,symbol,StatusConnecting1,U+EB57,63,82,00000000060b0f06
558,symbol,StatusConnecting2,U+EB58,13,20,000000000c080000
559,symbol,StatusUnsecure,U+EB59,170,197,000000060f1f1f0f
560,symbol,WifiError0,U+EB5A,99,126,c0c0e0f0f0e00000
561,symbol,WifiWarning0,U+EB5F,126,160,e0f0f0f8f0e00000
562,symbol,Devices4,U+EB66,348,395,f8ff1ffef6f6fe00
563,symbol,NUIIris,U+EB67,217,244,307878b6fc780000
564,symbol,NUIFace,U+EB68,154,180,30fcce00ecec0000
565,symbol,EditMirrored,U+EB7E,201,246,e0b0d86c361f0f06
566,symbol,TaskViewExpanded,U+EB91,261,346,63e3ff7f7f637f7f
567,symbol,Certificate,U+EB95,219,274,0e1a1a0ec6e6fe7e
568,symbol,FastForward,U+EB9D,205,258,26eefebeee660000
569,symbol,Rewind,U+EB9E,193,249,98dcfefedc980000
570,symbol,Photo2,U+EB9F,295,343,ffe3f35f8fffff00
571,symbol,DictionaryCloud,U+EBC3,285,342,fc1ef3f3fffe7000
572,symbol,VolumeBars,U+EBC5,89,116,c0e0a0a0e0c08000
573,symbol,Project,U+EBC6,277,336,7ffee23e3efcfc00
574,symbol,CloudDownload,U+EBD3,183,227,fe3333a3ce780000
575,symbol,Family,U+EBDA,236,295,de5ada7ed8787000
576,symbol,LockFeedback,U+EBDB,252,307,ffff03ffd7ffff00
577,symbol,DeviceDiscovery,U+EBDE,282,347,e0a0fcffe3637f00
578,symbol,WindDirection,U+EBE6,252,284,ec7c787838303010
579,symbol,Bug,U+EBE8,280,328,c68686c6fefefe00
580,symbol,Bug,U+EBE8,280,328,c68686c6fefefe00
581,symbol,TabletMode,U+EBFC,263,326,3e3ff3e3e363ff00
582,symbol,NetworkTower,U+EC05,283,352,7c6838fefefeee04
583,symbol,CityNext,U+EC06,303,407,fefefefefefe6020
584,symbol,CityNext2,U+EC07,354,444,fefefefefe3e3e1c
585,symbol,Courthouse,U+EC08,443,509,fefefeffff7c3030
586,symbol,Groceries,U+EC09,265,345,03dffffefefaf0c0
587,symbol,Sustainable,U+EC0A,267,323,fc983e6fcf1ff000
588,symbol,BuildingEnergy,U+EC0B,443,542,fefefefefefcfcfc
589,symbol,ToggleFilled,U+EC11,470,482,00fefffffffc0000
590,symbol,ToggleBorder,U+EC12,122,186,00fe0301fffc0000
591,symbol,MiracastLogoSmall,U+EC15,232,282,ff8383c3e3ffe000
592,symbol,MiracastLogoLarge,U+EC16,277,333,3ff3fb7f3ffefe00
593,symbol,Badge,U+EC1B,165,211,ce0303038686feb4
594,symbol,SignalRoaming,U+EC1E,67,97,000000000f0e0604
595,symbol,InsiderHubApp,U+EC24,418,446,3f7efefcf8b8f040
596,symbol,PersonalFolder,U+EC25,323,383,fefefede9e9efefe
597,symbol,KeyboardFull,U+EC31,483,550,feffffffffff0000
598,symbol,Cafe,U+EC32,226,279,fe6ec282fefe0000
599,symbol,ThisPC,U+EC4E,293,346,fe38ffff0303ffff
600,symbol,MusicNote,U+EC4F,143,159,3c3c3030f0703030
601,symbol,Explorer,U+EC50,370,418,ffffff7f03ffff00
602,symbol,Explorer,U+EC50,370,418,ffffff7f03ffff00
603,symbol,FileExplorerApp,U+EC51,630,669,ffffffffffff0f00
604,symbol,MicOff,U+EC54,228,311,fefece6e6c6c7c78
605,symbol,MicSleep,U+EC55,219,295,befece6e6c6c7c78
606,symbol,MicError,U+EC56,233,312,fefece6e6c6c7c78
607,symbol,PlaybackRate1x,U+EC57,217,279,e61b7b7b3b82fe78
608,symbol,CashDrawer,U+EC59,367,481,fffffebefe86fefc
609,symbol,BarcodeScanner,U+EC5A,281,345,e0b8b8bcfefefe0c
610,symbol,ReceiptPrinter,U+EC5B,240,264,02020efeccccfc00
611,symbol,MagStripeReader,U+EC5C,303,349,fe3f0fff87ff0000
612,symbol,CompletedSolid,U+EC61,709,744,fefffffffffefe78
613,symbol,Favicon2,U+EC6C,359,411,fffffff77f7fff00
614,symbol,MicOn,U+EC71,485,529,fefefefe7c7c7c78
615,symbol,MicClipping,U+EC72,479,550,fefefefefffeff7b
616,symbol,DeveloperTools,U+EC7A,277,378,fcfcfcfc7c7cfcfc
617,symbol,BodyCam,U+EC80,303,357,ff3f2727bffffe00
618,symbol,PoliceCar,U+EC81,346,407,7fffcfff83fefc00
619,symbol,Draw,U+EC87,157,205,0f1e3c78f0e0c080
620,symbol,DrawSolid,U+EC88,234,255,0e1e3c78f0c08000
621,symbol,LowerBrightness,U+EC8A,155,220,107c7cee7c7c1000
622,symbol,ScrollUpDown,U+EC8F,115,156,78cc8400c46c3810
623,symbol,Uninstall,U+EC91,147,147,4c4c4c4c7c000000
624,symbol,DateTime,U+EC92,400,477,fedefefefefefec4
625,symbol,HoloLens,U+EC94,244,308,4cfe3fffb3ff0000
626,symbol,Tiles,U+ECA5,380,444,ff1fffffffffff00
627,symbol,Calories,U+ECAD,187,225,86868e9ecc687830
628,symbol,Unit,U+ECC6,196,254,1e376edcb8f0e040
629,symbol,AddTo,U+ECC8,219,255,ceb67a7ab2c6fc00
630,symbol,RemoveFrom,U+ECC9,189,225,ce867a7a82c6fc00
631,symbol,RadioBtnOff,U+ECCA,132,170,860303030382fe78
632,symbol,RadioBtnOn,U+ECCB,553,607,fefffffffffefe78
633,symbol,RadioBullet2,U+ECCC,421,437,78fcfcfcfc780000
634,symbol,ExploreContent,U+ECCD,332,364,9292fefe92fefefe
635,symbol,Blocked2,U+ECE4,215,261,ce8303ff8382fe78
636,symbol,ScrollMode,U+ECE7,74,88,6800303000487830
637,symbol,ZoomMode,U+ECE8,101,111,7800303010387830
638,symbol,PanMode,U+ECE9,127,155,6886b33386487830
639,symbol,WiredUSB,U+ECF0,244,304,7cc4c4c4fc7c7c7c
640,symbol,WirelessUSB,U+ECF1,222,305,3c28fcc4fc7c7c7c
641,symbol,ResetDevice,U+ED10,213,292,fc3e2a2a3e1ffaf8
642,symbol,QRCode,U+ED14,369,475,fefefefefefefe00
643,symbol,Feedback,U+ED15,232,303,637efef63e1cfcfc
644,symbol,Subtitles,U+ED1E,334,404,ffffffff0303ff00
645,symbol,SubtitlesAudio,U+ED1F,318,390,ffff7fff8303ff00
646,symbol,OpenFolderHorizontal,U+ED25,280,338,ff8307ffffff0f00
647,symbol,Headphone0,U+ED30,109,130,001b1b1b1f0e0000
648,symbol,Headphone1,U+ED31,135,165,003b3b3b3f0e0000
649,symbol,Headphone2,U+ED32,188,232,40fbbbbbff4e0000
650,symbol,Headphone3,U+ED33,198,246,c0fbbbbbffce8000
651,symbol,Apps,U+ED35,244,282,ff63e3e363ff0000
652,symbol,KeyboardBrightness,U+ED39,211,256,ffefef7cd6100000
653,symbol,SkipBack10,U+ED3C,197,255,a8a8ec4f0787fc00
654,symbol,SkipForward30,U+ED3D,179,236,b8bcfccb8386fc00
655,symbol,Narrator,U+ED4D,389,434,ff83a3f3ffbff8f0
656,symbol,EmojiTabPeople,U+ED53,330,429,bfb7ffefffbafe78
657,symbol,EmojiTabSmilesAnimals,U+ED54,255,350,fe7f7f6f6f82fe78
658,symbol,EmojiTabCelebrationObjects,U+ED55,197,244,f8183c6666767c3c
659,symbol,EmojiTabFoodPlants,U+ED56,316,374,1cfcf4f4fcfc7e1c
660,symbol,EmojiTabTransitPlaces,U+ED57,279,372,feffeffffef80000
661,symbol,EmojiTabSymbols,U+ED58,278,362,ffe4c48edf7fffce
662,symbol,ConnectApp,U+ED5C,277,333,3ff3fb7f3ffefe00
663,symbol,Ruler,U+ED5E,216,230,868e9e9e8e9e9e00
664,symbol,FingerInking,U+ED5F,248,299,181c1cbef3fffeb0
665,symbol,StrokeErase,U+ED60,172,215,76db8e8cd8702000
666,symbol,PointErase,U+ED61,172,215,76db8e8cd8702000
667,symbol,ClearAllInk,U+ED62,226,308,76db8f8fdb73ffff
668,symbol,Pencil,U+ED63,231,277,38787ccc86fece86
669,symbol,Marker,U+ED64,187,264,78fcc486ffff0303
670,symbol,InkingCaret,U+ED65,0,0,0000000000000000
671,symbol,InkingColorOutline,U+ED66,274,306,ce87030383c6fe78
672,symbol,InkingColorFill,U+ED67,675,695,fefefefefefefc00
673,symbol,HardDrive,U+EDA2,149,215,00ffffc3ff000000
674,symbol,NetworkAdapter,U+EDA3,336,363,7cfefe8282fefc00
675,symbol,Touchscreen,U+EDA4,338,444,cc9fff7f7f7fffff
676,symbol,NetworkPrinter,U+EDA5,319,383,7c7cfefefefe7c7c
677,symbol,CloudPrinter,U+EDA6,272,335,f81eff93f3ce7800
678,symbol,KeyboardShortcut,U+EDA7,283,379,be7fffffffff0000
679,symbol,BrushSize,U+EDA8,339,410,ffffffffffff1f00
680,symbol,PenWorkspace,U+EDC6,229,313,3b3bfef0f0f0e0c0
681,symbol,ClearFormatting,U+EDDA,279,339,1c3c7c7c3c1c0c04
682,symbol,Strikethrough,U+EDE0,284,344,ff3bff3afe303000
683,symbol,Export,U+EDE1,128,156,008383ff83810000
684,symbol,CloudSearch,U+EDE4,198,249,fc7e43c3cffe7000
685,symbol,CalligraphyPen,U+EDFB,264,294,7878fcf4dcfc8484
686,symbol,Play36,U+EE4A,43,58,0018786818000000
687,symbol,PenPalette,U+EE56,211,245,7e0e1e1e3e3c3830
688,symbol,GuestUser,U+EE57,227,298,86cc7cfcb4fcfc78
689,symbol,GenericScan,U+EE6F,191,231,03bfbcbcbd038700
690,symbol,ImageExport,U+EE71,333,396,ff8797ffff7c3810
691,symbol,CastTo,U+EE77,224,277,fefefcf8f0c0c000
692,symbol,Wheel,U+EE94,239,281,fe827efe02fe7c00
693,symbol,VirtualMachineGroup,U+EEA3,255,364,ffffff1313ffff1e
694,symbol,BackgroundToggle,U+EF1F,373,427,fcfffff393ffe000
695,symbol,Marquee,U+EF20,126,141,8200828282f6fe80
696,symbol,ChromeCloseContrast,U+EF2C,428,504,cffe7c78fceec782
697,symbol,ChromeMinimizeContrast,U+EF2D,210,210,0000ffff00000000
698,symbol,ChromeMaximizeContrast,U+EF2E,459,459,ff87878787ffffff
699,symbol,ChromeRestoreContrast,U+EF2F,623,624,7ff7f7fffff8f8f8
700,symbol,TrafficLight,U+EF31,371,469,7cfefefefefefe7c
701,symbol,Replay,U+EF3B,215,277,861b78783f83ff78
702,symbol,Eyedropper,U+EF3C,224,248,1f36ecf8b070f080
703,symbol,LineDisplay,U+EF3D,304,380,783838ffffffff00
704,symbol,PINPad,U+EF3E,340,442,fcfcfcfefefefefe
705,symbol,SignatureCapture,U+EF3F,405,462,87c3ffff9ffffffc
706,symbol,ChipCardCreditCardReader,U+EF40,373,438,a4a4a4a4bfffffff
707,symbol,LandscapeOrientation,U+EF6B,221,257,ff030303c3c3ff00
708,symbol,Flow,U+EF90,159,216,0f1f1ff0e0e0c000
709,symbol,Touchpad,U+EFA5,266,311,ff13ff0303ffff00
710,symbol,Speech,U+EFA9,197,256,63befee6e6fc8000
711,symbol,ButtonA,U+F093,218,282,867b7b3b3382fe78
712,symbol,ButtonB,U+F094,231,292,863b7b3b7b82fe78
713,symbol,ButtonY,U+F095,197,249,863333337b82fe78
714,symbol,ButtonX,U+F096,215,286,867b3b337b82fe78
715,symbol,ArrowUp8,U+F0AD,252,296,303030b4fefc7830
716,symbol,ArrowDown8,U+F0AE,252,286,7cfef63030303030
717,symbol,ArrowRight8,U+F0AF,252,286,60e0ffffc0e06000
718,symbol,ArrowLeft8,U+F0B0,252,296,1c0effff0e1c0800
719,symbol,Protractor,U+F0B4,216,274,fe8383838386fe78
720,symbol,Connected,U+F0B9,256,310,ceee7838fecece00
721,symbol,PencilFill,U+F0C6,256,291,3078780000fefefe
722,symbol,CalligraphyFill,U+F0C7,232,271,3878780000fcfcfc
723,symbol,QuarterStarLeft,U+F0CA,114,138,1c1c1c1e0f000000
724,symbol,QuarterStarRight,U+F0CB,103,125,e060e0e0e0000000
725,symbol,ThreeQuarterStarLeft,U+F0CC,272,293,3c3c3c3e3f303010
726,symbol,ThreeQuarterStarRight,U+F0CD,261,280,f070f0f0f0303010
727,symbol,BackMirrored,U+F0D2,152,178,60c0ffffc0603000
728,symbol,ForwardMirrored,U+F0D3,162,216,1c0effff060c1810
729,symbol,ChromeBackContrast,U+F0D5,403,437,3c1effff1e3c3830
730,symbol,GridView,U+F0E2,343,440,3b3bffffff3bffff
731,symbol,ClipboardList,U+F0E3,351,408,fefefefefefefe30
732,symbol,SpatialVolume0,U+F0EB,251,284,361b1f1f1f163c00
733,symbol,SpatialVolume1,U+F0EC,289,329,365b5fdf5f163c00
734,symbol,SpatialVolume2,U+F0ED,337,387,f6dbdfdfdfd63c00
735,symbol,SpatialVolume3,U+F0EE,345,400,f6dbdfdfdfd6bc00
736,symbol,ApplicationGuard,U+F0EF,229,285,f0fff7f3c303ffff
737,symbol,LeftStick,U+F108,203,257,fcdcdfd7ff000000
738,symbol,RightStick,U+F109,228,296,fcfcffffff000000
739,symbol,TriggerLeft,U+F10A,203,269,86067c5cfc06fefc
740,symbol,TriggerRight,U+F10B,310,375,8683bfbfff83fffe
741,symbol,BumperLeft,U+F10C,288,340,ff7f7f7feefc0000
742,symbol,BumperRight,U+F10D,300,373,fe7fffffeffe0000
743,symbol,Dpad,U+F10E,188,236,3838fcfcfc380000
744,symbol,HMD,U+F119,172,224,4cfe330333ff0000
745,symbol,FolderHorizontal,U+F12B,218,246,ff0303030fff0f00
746,symbol,MicrophoneListening,U+F12E,366,429,fefefefe7c6c7c78
747,symbol,Video360,U+F131,184,267,fe13fffefeb60000
748,symbol,GiftboxOpen,U+F133,262,310,86869ffebcfefb40
749,symbol,StatusCircleOuter,U+F136,734,749,fefffffffffe7c00
750,symbol,StatusCircleRing,U+F138,166,196,ee82828286fc3800
751,symbol,StatusTriangleOuter,U+F139,391,419,fefe7c7c38381000
752,symbol,StatusTriangleExclamation,U+F13B,36,42,1010101000000000
753,symbol,StatusCircleExclamation,U+F13C,39,42,1010101010000000
754,symbol,StatusCircleErrorX,U+F13D,81,121,006c38386c000000
755,symbol,StatusCircleCheckmark,U+F13E,45,63,00183c6000000000
756,symbol,StatusCircleInfo,U+F13F,38,45,1010101010000000
757,symbol,StatusCircleBlock,U+F140,215,262,eee2b29a8efc3800
758,symbol,StatusCircleQuestionMark,U+F142,60,80,1010302838000000
759,symbol,StatusCircleSync,U+F143,116,157,107c7c7c78000000
760,symbol,Dial1,U+F146,96,104,2020202020383000
761,symbol,Dial2,U+F147,132,156,7c08386060687800
762,symbol,Dial3,U+F148,134,161,7c40603860607800
763,symbol,Dial4,U+F149,152,182,60fcfc7870706000
764,symbol,Dial5,U+F14A,133,162,7840407818087800
765,symbol,Dial6,U+F14B,172,210,78484c7c38187000
